[{"model": "admin.logentry", "pk": 1, "fields": {"action_time": "2024-04-02T19:51:53.726Z", "user": 4, "content_type": 11, "object_id": "1", "object_repr": "Russia", "action_flag": 1, "change_message": "[{\"added\": {}}]"}}, {"model": "admin.logentry", "pk": 2, "fields": {"action_time": "2024-04-02T19:51:58.271Z", "user": 4, "content_type": 10, "object_id": "1", "object_repr": "Moscow", "action_flag": 1, "change_message": "[{\"added\": {}}]"}}, {"model": "admin.logentry", "pk": 3, "fields": {"action_time": "2024-04-02T19:52:05.878Z", "user": 4, "content_type": 9, "object_id": "1", "object_repr": "Russia, Moscow | Pushkina street, 89", "action_flag": 1, "change_message": "[{\"added\": {}}]"}}, {"model": "admin.logentry", "pk": 4, "fields": {"action_time": "2024-04-02T19:53:04.580Z", "user": 4, "content_type": 12, "object_id": "1", "object_repr": "Hotel object (1)", "action_flag": 1, "change_message": "[{\"added\": {}}]"}}, {"model": "admin.logentry", "pk": 5, "fields": {"action_time": "2024-04-02T19:53:30.430Z", "user": 4, "content_type": 13, "object_id": "1", "object_repr": "Room object (1)", "action_flag": 1, "change_message": "[{\"added\": {}}]"}}, {"model": "admin.logentry", "pk": 6, "fields": {"action_time": "2024-04-02T19:53:56.506Z", "user": 4, "content_type": 14, "object_id": "1", "object_repr": "RoomBookingAvailable object (1)", "action_flag": 1, "change_message": "[{\"added\": {}}]"}}, {"model": "admin.logentry", "pk": 7, "fields": {"action_time": "2024-04-02T19:54:13.703Z", "user": 4, "content_type": 14, "object_id": "2", "object_repr": "RoomBookingAvailable object (2)", "action_flag": 1, "change_message": "[{\"added\": {}}]"}}, {"model": "admin.logentry", "pk": 8, "fields": {"action_time": "2024-04-02T20:12:45.138Z", "user": 4, "content_type": 14, "object_id": "2", "object_repr": "RoomBookingAvailable object (2)", "action_flag": 2, "change_message": "[{\"changed\": {\"fields\": [\"Date end\"]}}]"}}, {"model": "admin.logentry", "pk": 9, "fields": {"action_time": "2024-04-02T20:14:27.257Z", "user": 4, "content_type": 14, "object_id": "3", "object_repr": "RoomBookingAvailable object (3)", "action_flag": 1, "change_message": "[{\"added\": {}}]"}}, {"model": "admin.logentry", "pk": 10, "fields": {"action_time": "2024-04-02T20:16:01.959Z", "user": 4, "content_type": 14, "object_id": "4", "object_repr": "RoomBookingAvailable object (4)", "action_flag": 3, "change_message": ""}}, {"model": "admin.logentry", "pk": 11, "fields": {"action_time": "2024-04-02T20:17:16.095Z", "user": 4, "content_type": 14, "object_id": "5", "object_repr": "RoomBookingAvailable object (5)", "action_flag": 2, "change_message": "[{\"changed\": {\"fields\": [\"Date from\"]}}]"}}, {"model": "admin.logentry", "pk": 12, "fields": {"action_time": "2024-04-02T21:57:45.597Z", "user": 4, "content_type": 10, "object_id": "2", "object_repr": "Saint-Petersburg", "action_flag": 1, "change_message": "[{\"added\": {}}]"}}, {"model": "admin.logentry", "pk": 13, "fields": {"action_time": "2024-04-02T21:58:01.152Z", "user": 4, "content_type": 10, "object_id": "3", "object_repr": "Habarovsk", "action_flag": 1, "change_message": "[{\"added\": {}}]"}}, {"model": "admin.logentry", "pk": 14, "fields": {"action_time": "2024-04-02T21:58:09.351Z", "user": 4, "content_type": 10, "object_id": "4", "object_repr": "Rostov", "action_flag": 1, "change_message": "[{\"added\": {}}]"}}, {"model": "admin.logentry", "pk": 15, "fields": {"action_time": "2024-04-02T21:58:19.780Z", "user": 4, "content_type": 10, "object_id": "5", "object_repr": "Perm", "action_flag": 1, "change_message": "[{\"added\": {}}]"}}, {"model": "admin.logentry", "pk": 16, "fields": {"action_time": "2024-04-02T21:58:30.017Z", "user": 4, "content_type": 11, "object_id": "2", "object_repr": "Germany", "action_flag": 1, "change_message": "[{\"added\": {}}]"}}, {"model": "admin.logentry", "pk": 17, "fields": {"action_time": "2024-04-02T21:58:35.907Z", "user": 4, "content_type": 11, "object_id": "3", "object_repr": "France", "action_flag": 1, "change_message": "[{\"added\": {}}]"}}, {"model": "admin.logentry", "pk": 18, "fields": {"action_time": "2024-04-02T21:59:28.868Z", "user": 4, "content_type": 9, "object_id": "2", "object_repr": "Germany, Habarovsk | 16 Rr 2, Ketchikan, Alaska 99901, USA", "action_flag": 1, "change_message": "[{\"added\": {}}]"}}, {"model": "admin.logentry", "pk": 19, "fields": {"action_time": "2024-04-02T21:59:37.604Z", "user": 4, "content_type": 9, "object_id": "3", "object_repr": "France, Saint-Petersburg | 925 S Chugach St #APT 10, Palmer, Alaska 99645, USA", "action_flag": 1, "change_message": "[{\"added\": {}}]"}}, {"model": "admin.logentry", "pk": 20, "fields": {"action_time": "2024-04-02T21:59:51.301Z", "user": 4, "content_type": 9, "object_id": "4", "object_repr": "Russia, Perm | 5412 Timberwolf Ct, Eielson Afb, Alaska 99702, USA", "action_flag": 1, "change_message": "[{\"added\": {}}]"}}, {"model": "admin.logentry", "pk": 21, "fields": {"action_time": "2024-04-02T22:01:06.889Z", "user": 4, "content_type": 12, "object_id": "1", "object_repr": "Hotel object (1)", "action_flag": 2, "change_message": "[{\"changed\": {\"fields\": [\"Title\", \"Description\"]}}]"}}, {"model": "admin.logentry", "pk": 22, "fields": {"action_time": "2024-04-02T22:01:32.149Z", "user": 4, "content_type": 12, "object_id": "2", "object_repr": "Hotel object (2)", "action_flag": 1, "change_message": "[{\"added\": {}}]"}}, {"model": "admin.logentry", "pk": 23, "fields": {"action_time": "2024-04-02T22:01:56.637Z", "user": 4, "content_type": 12, "object_id": "3", "object_repr": "Hotel object (3)", "action_flag": 1, "change_message": "[{\"added\": {}}]"}}, {"model": "admin.logentry", "pk": 24, "fields": {"action_time": "2024-04-02T22:02:04.344Z", "user": 4, "content_type": 13, "object_id": "1", "object_repr": "Room object (1)", "action_flag": 2, "change_message": "[]"}}, {"model": "admin.logentry", "pk": 25, "fields": {"action_time": "2024-04-02T22:02:28.946Z", "user": 4, "content_type": 13, "object_id": "2", "object_repr": "Room object (2)", "action_flag": 1, "change_message": "[{\"added\": {}}]"}}, {"model": "admin.logentry", "pk": 26, "fields": {"action_time": "2024-04-02T22:02:54.830Z", "user": 4, "content_type": 13, "object_id": "3", "object_repr": "Room object (3)", "action_flag": 1, "change_message": "[{\"added\": {}}]"}}, {"model": "admin.logentry", "pk": 27, "fields": {"action_time": "2024-04-02T22:03:23.405Z", "user": 4, "content_type": 13, "object_id": "4", "object_repr": "Room object (4)", "action_flag": 1, "change_message": "[{\"added\": {}}]"}}, {"model": "admin.logentry", "pk": 28, "fields": {"action_time": "2024-04-02T22:03:38.321Z", "user": 4, "content_type": 13, "object_id": "5", "object_repr": "Room object (5)", "action_flag": 1, "change_message": "[{\"added\": {}}]"}}, {"model": "admin.logentry", "pk": 29, "fields": {"action_time": "2024-04-02T22:03:58.279Z", "user": 4, "content_type": 13, "object_id": "6", "object_repr": "Room object (6)", "action_flag": 1, "change_message": "[{\"added\": {}}]"}}, {"model": "admin.logentry", "pk": 30, "fields": {"action_time": "2024-04-02T22:04:26.785Z", "user": 4, "content_type": 13, "object_id": "7", "object_repr": "Room object (7)", "action_flag": 1, "change_message": "[{\"added\": {}}]"}}, {"model": "admin.logentry", "pk": 31, "fields": {"action_time": "2024-04-02T22:04:51.092Z", "user": 4, "content_type": 13, "object_id": "8", "object_repr": "Room object (8)", "action_flag": 1, "change_message": "[{\"added\": {}}]"}}, {"model": "admin.logentry", "pk": 32, "fields": {"action_time": "2024-04-02T22:23:32.857Z", "user": 4, "content_type": 16, "object_id": "1", "object_repr": "1222 | 5412 Timberwolf Ct, Eielson Afb, Alaska 99702, USA  Russia, Moscow | Pushkina street, 89 from 2024-04-01 to 2024-04-16", "action_flag": 1, "change_message": "[{\"added\": {}}]"}}, {"model": "admin.logentry", "pk": 33, "fields": {"action_time": "2024-04-02T22:23:47.441Z", "user": 4, "content_type": 16, "object_id": "2", "object_repr": "1222 | 5412 Timberwolf Ct, Eielson Afb, Alaska 99702, USA  Russia, Moscow | Pushkina street, 89 from 2024-05-08 to 2024-05-31", "action_flag": 1, "change_message": "[{\"added\": {}}]"}}, {"model": "admin.logentry", "pk": 34, "fields": {"action_time": "2024-04-02T22:24:02.055Z", "user": 4, "content_type": 16, "object_id": "3", "object_repr": "123 | 5412 Timberwolf Ct, Eielson Afb, Alaska 99702, USA  Russia, Moscow | Pushkina street, 89 from 2024-08-07 to 2024-08-23", "action_flag": 1, "change_message": "[{\"added\": {}}]"}}, {"model": "admin.logentry", "pk": 35, "fields": {"action_time": "2024-04-02T22:24:13.083Z", "user": 4, "content_type": 16, "object_id": "4", "object_repr": "102 | Novotel Liverpool Paddington Village  Germany, Habarovsk | 16 Rr 2, Ketchikan, Alaska 99901, USA from 2024-04-18 to 2024-04-25", "action_flag": 1, "change_message": "[{\"added\": {}}]"}}, {"model": "admin.logentry", "pk": 36, "fields": {"action_time": "2024-04-02T22:24:23.177Z", "user": 4, "content_type": 16, "object_id": "5", "object_repr": "122 | Featuring a fitness centre, a restaurant as well as a bar, Novotel Liverpool Paddington Village is located in the centre of Live  Russia, Perm | 5412 Timberwolf Ct, Eielson Afb, Alaska 99702, US", "action_flag": 1, "change_message": "[{\"added\": {}}]"}}, {"model": "admin.logentry", "pk": 37, "fields": {"action_time": "2024-04-02T22:24:33.151Z", "user": 4, "content_type": 16, "object_id": "6", "object_repr": "666 | Featuring a fitness centre, a restaurant as well as a bar, Novotel Liverpool Paddington Village is located in the centre of Live  Russia, Perm | 5412 Timberwolf Ct, Eielson Afb, Alaska 99702, US", "action_flag": 1, "change_message": "[{\"added\": {}}]"}}, {"model": "admin.logentry", "pk": 38, "fields": {"action_time": "2024-04-02T22:24:47.512Z", "user": 4, "content_type": 16, "object_id": "7", "object_repr": "122 | Featuring a fitness centre, a restaurant as well as a bar, Novotel Liverpool Paddington Village is located in the centre of Live  Russia, Perm | 5412 Timberwolf Ct, Eielson Afb, Alaska 99702, US", "action_flag": 1, "change_message": "[{\"added\": {}}]"}}, {"model": "admin.logentry", "pk": 39, "fields": {"action_time": "2024-04-02T22:45:39.993Z", "user": 4, "content_type": 16, "object_id": "8", "object_repr": "122 | Featuring a fitness centre, a restaurant as well as a bar, Novotel Liverpool Paddington Village is located in the centre of Live  Russia, Perm | 5412 Timberwolf Ct, Eielson Afb, Alaska 99702, US", "action_flag": 2, "change_message": "[{\"changed\": {\"fields\": [\"Date from\"]}}]"}}, {"model": "admin.logentry", "pk": 40, "fields": {"action_time": "2024-04-02T22:45:44.873Z", "user": 4, "content_type": 16, "object_id": "7", "object_repr": "122 | Featuring a fitness centre, a restaurant as well as a bar, Novotel Liverpool Paddington Village is located in the centre of Live  Russia, Perm | 5412 Timberwolf Ct, Eielson Afb, Alaska 99702, US", "action_flag": 3, "change_message": ""}}, {"model": "admin.logentry", "pk": 41, "fields": {"action_time": "2024-04-02T22:47:01.177Z", "user": 4, "content_type": 17, "object_id": "1", "object_repr": "7 pinguin | pinguin@gmail.com | 122 | Featuring a fitness centre, a restaurant as well as a bar, Novotel Liverpool Paddington Village is located in the centre of Live  Russia, Perm | 5412 Timberwolf C", "action_flag": 3, "change_message": ""}}, {"model": "admin.logentry", "pk": 42, "fields": {"action_time": "2024-04-02T22:47:46.964Z", "user": 4, "content_type": 16, "object_id": "9", "object_repr": "122 | Featuring a fitness centre, a restaurant as well as a bar, Novotel Liverpool Paddington Village is located in the centre of Live  Russia, Perm | 5412 Timberwolf Ct, Eielson Afb, Alaska 99702, US", "action_flag": 2, "change_message": "[{\"changed\": {\"fields\": [\"Date from\"]}}]"}}, {"model": "admin.logentry", "pk": 43, "fields": {"action_time": "2024-04-02T22:47:50.947Z", "user": 4, "content_type": 17, "object_id": "2", "object_repr": "7 pinguin | pinguin@gmail.com | 122 | Featuring a fitness centre, a restaurant as well as a bar, Novotel Liverpool Paddington Village is located in the centre of Live  Russia, Perm | 5412 Timberwolf C", "action_flag": 3, "change_message": ""}}, {"model": "auth.permission", "pk": 1, "fields": {"name": "Can add log entry", "content_type": 1, "codename": "add_logentry"}}, {"model": "auth.permission", "pk": 2, "fields": {"name": "Can change log entry", "content_type": 1, "codename": "change_logentry"}}, {"model": "auth.permission", "pk": 3, "fields": {"name": "Can delete log entry", "content_type": 1, "codename": "delete_logentry"}}, {"model": "auth.permission", "pk": 4, "fields": {"name": "Can view log entry", "content_type": 1, "codename": "view_logentry"}}, {"model": "auth.permission", "pk": 5, "fields": {"name": "Can add permission", "content_type": 2, "codename": "add_permission"}}, {"model": "auth.permission", "pk": 6, "fields": {"name": "Can change permission", "content_type": 2, "codename": "change_permission"}}, {"model": "auth.permission", "pk": 7, "fields": {"name": "Can delete permission", "content_type": 2, "codename": "delete_permission"}}, {"model": "auth.permission", "pk": 8, "fields": {"name": "Can view permission", "content_type": 2, "codename": "view_permission"}}, {"model": "auth.permission", "pk": 9, "fields": {"name": "Can add group", "content_type": 3, "codename": "add_group"}}, {"model": "auth.permission", "pk": 10, "fields": {"name": "Can change group", "content_type": 3, "codename": "change_group"}}, {"model": "auth.permission", "pk": 11, "fields": {"name": "Can delete group", "content_type": 3, "codename": "delete_group"}}, {"model": "auth.permission", "pk": 12, "fields": {"name": "Can view group", "content_type": 3, "codename": "view_group"}}, {"model": "auth.permission", "pk": 13, "fields": {"name": "Can add content type", "content_type": 4, "codename": "add_contenttype"}}, {"model": "auth.permission", "pk": 14, "fields": {"name": "Can change content type", "content_type": 4, "codename": "change_contenttype"}}, {"model": "auth.permission", "pk": 15, "fields": {"name": "Can delete content type", "content_type": 4, "codename": "delete_contenttype"}}, {"model": "auth.permission", "pk": 16, "fields": {"name": "Can view content type", "content_type": 4, "codename": "view_contenttype"}}, {"model": "auth.permission", "pk": 17, "fields": {"name": "Can add session", "content_type": 5, "codename": "add_session"}}, {"model": "auth.permission", "pk": 18, "fields": {"name": "Can change session", "content_type": 5, "codename": "change_session"}}, {"model": "auth.permission", "pk": 19, "fields": {"name": "Can delete session", "content_type": 5, "codename": "delete_session"}}, {"model": "auth.permission", "pk": 20, "fields": {"name": "Can view session", "content_type": 5, "codename": "view_session"}}, {"model": "auth.permission", "pk": 21, "fields": {"name": "Can add Token", "content_type": 6, "codename": "add_token"}}, {"model": "auth.permission", "pk": 22, "fields": {"name": "Can change Token", "content_type": 6, "codename": "change_token"}}, {"model": "auth.permission", "pk": 23, "fields": {"name": "Can delete Token", "content_type": 6, "codename": "delete_token"}}, {"model": "auth.permission", "pk": 24, "fields": {"name": "Can view Token", "content_type": 6, "codename": "view_token"}}, {"model": "auth.permission", "pk": 25, "fields": {"name": "Can add Token", "content_type": 7, "codename": "add_tokenproxy"}}, {"model": "auth.permission", "pk": 26, "fields": {"name": "Can change Token", "content_type": 7, "codename": "change_tokenproxy"}}, {"model": "auth.permission", "pk": 27, "fields": {"name": "Can delete Token", "content_type": 7, "codename": "delete_tokenproxy"}}, {"model": "auth.permission", "pk": 28, "fields": {"name": "Can view Token", "content_type": 7, "codename": "view_tokenproxy"}}, {"model": "auth.permission", "pk": 29, "fields": {"name": "Can add User", "content_type": 8, "codename": "add_user"}}, {"model": "auth.permission", "pk": 30, "fields": {"name": "Can change User", "content_type": 8, "codename": "change_user"}}, {"model": "auth.permission", "pk": 31, "fields": {"name": "Can delete User", "content_type": 8, "codename": "delete_user"}}, {"model": "auth.permission", "pk": 32, "fields": {"name": "Can view User", "content_type": 8, "codename": "view_user"}}, {"model": "auth.permission", "pk": 33, "fields": {"name": "Can add Address", "content_type": 9, "codename": "add_address"}}, {"model": "auth.permission", "pk": 34, "fields": {"name": "Can change Address", "content_type": 9, "codename": "change_address"}}, {"model": "auth.permission", "pk": 35, "fields": {"name": "Can delete Address", "content_type": 9, "codename": "delete_address"}}, {"model": "auth.permission", "pk": 36, "fields": {"name": "Can view Address", "content_type": 9, "codename": "view_address"}}, {"model": "auth.permission", "pk": 37, "fields": {"name": "Can add City", "content_type": 10, "codename": "add_city"}}, {"model": "auth.permission", "pk": 38, "fields": {"name": "Can change City", "content_type": 10, "codename": "change_city"}}, {"model": "auth.permission", "pk": 39, "fields": {"name": "Can delete City", "content_type": 10, "codename": "delete_city"}}, {"model": "auth.permission", "pk": 40, "fields": {"name": "Can view City", "content_type": 10, "codename": "view_city"}}, {"model": "auth.permission", "pk": 41, "fields": {"name": "Can add Country", "content_type": 11, "codename": "add_country"}}, {"model": "auth.permission", "pk": 42, "fields": {"name": "Can change Country", "content_type": 11, "codename": "change_country"}}, {"model": "auth.permission", "pk": 43, "fields": {"name": "Can delete Country", "content_type": 11, "codename": "delete_country"}}, {"model": "auth.permission", "pk": 44, "fields": {"name": "Can view Country", "content_type": 11, "codename": "view_country"}}, {"model": "auth.permission", "pk": 45, "fields": {"name": "Can add Hotel", "content_type": 12, "codename": "add_hotel"}}, {"model": "auth.permission", "pk": 46, "fields": {"name": "Can change Hotel", "content_type": 12, "codename": "change_hotel"}}, {"model": "auth.permission", "pk": 47, "fields": {"name": "Can delete Hotel", "content_type": 12, "codename": "delete_hotel"}}, {"model": "auth.permission", "pk": 48, "fields": {"name": "Can view Hotel", "content_type": 12, "codename": "view_hotel"}}, {"model": "auth.permission", "pk": 49, "fields": {"name": "Can add Room", "content_type": 13, "codename": "add_room"}}, {"model": "auth.permission", "pk": 50, "fields": {"name": "Can change Room", "content_type": 13, "codename": "change_room"}}, {"model": "auth.permission", "pk": 51, "fields": {"name": "Can delete Room", "content_type": 13, "codename": "delete_room"}}, {"model": "auth.permission", "pk": 52, "fields": {"name": "Can view Room", "content_type": 13, "codename": "view_room"}}, {"model": "auth.permission", "pk": 53, "fields": {"name": "Can add Room Booking Available", "content_type": 14, "codename": "add_roombookingavailable"}}, {"model": "auth.permission", "pk": 54, "fields": {"name": "Can change Room Booking Available", "content_type": 14, "codename": "change_roombookingavailable"}}, {"model": "auth.permission", "pk": 55, "fields": {"name": "Can delete Room Booking Available", "content_type": 14, "codename": "delete_roombookingavailable"}}, {"model": "auth.permission", "pk": 56, "fields": {"name": "Can view Room Booking Available", "content_type": 14, "codename": "view_roombookingavailable"}}, {"model": "auth.permission", "pk": 57, "fields": {"name": "Can add Booking", "content_type": 15, "codename": "add_booking"}}, {"model": "auth.permission", "pk": 58, "fields": {"name": "Can change Booking", "content_type": 15, "codename": "change_booking"}}, {"model": "auth.permission", "pk": 59, "fields": {"name": "Can delete Booking", "content_type": 15, "codename": "delete_booking"}}, {"model": "auth.permission", "pk": 60, "fields": {"name": "Can view Booking", "content_type": 15, "codename": "view_booking"}}, {"model": "auth.permission", "pk": 61, "fields": {"name": "Can add Room Booking Available", "content_type": 16, "codename": "add_roombookingavailable"}}, {"model": "auth.permission", "pk": 62, "fields": {"name": "Can change Room Booking Available", "content_type": 16, "codename": "change_roombookingavailable"}}, {"model": "auth.permission", "pk": 63, "fields": {"name": "Can delete Room Booking Available", "content_type": 16, "codename": "delete_roombookingavailable"}}, {"model": "auth.permission", "pk": 64, "fields": {"name": "Can view Room Booking Available", "content_type": 16, "codename": "view_roombookingavailable"}}, {"model": "auth.permission", "pk": 65, "fields": {"name": "Can add Booking", "content_type": 17, "codename": "add_booking"}}, {"model": "auth.permission", "pk": 66, "fields": {"name": "Can change Booking", "content_type": 17, "codename": "change_booking"}}, {"model": "auth.permission", "pk": 67, "fields": {"name": "Can delete Booking", "content_type": 17, "codename": "delete_booking"}}, {"model": "auth.permission", "pk": 68, "fields": {"name": "Can view Booking", "content_type": 17, "codename": "view_booking"}}, {"model": "contenttypes.contenttype", "pk": 1, "fields": {"app_label": "admin", "model": "logentry"}}, {"model": "contenttypes.contenttype", "pk": 2, "fields": {"app_label": "auth", "model": "permission"}}, {"model": "contenttypes.contenttype", "pk": 3, "fields": {"app_label": "auth", "model": "group"}}, {"model": "contenttypes.contenttype", "pk": 4, "fields": {"app_label": "contenttypes", "model": "contenttype"}}, {"model": "contenttypes.contenttype", "pk": 5, "fields": {"app_label": "sessions", "model": "session"}}, {"model": "contenttypes.contenttype", "pk": 6, "fields": {"app_label": "authtoken", "model": "token"}}, {"model": "contenttypes.contenttype", "pk": 7, "fields": {"app_label": "authtoken", "model": "tokenproxy"}}, {"model": "contenttypes.contenttype", "pk": 8, "fields": {"app_label": "users", "model": "user"}}, {"model": "contenttypes.contenttype", "pk": 9, "fields": {"app_label": "hotels", "model": "address"}}, {"model": "contenttypes.contenttype", "pk": 10, "fields": {"app_label": "hotels", "model": "city"}}, {"model": "contenttypes.contenttype", "pk": 11, "fields": {"app_label": "hotels", "model": "country"}}, {"model": "contenttypes.contenttype", "pk": 12, "fields": {"app_label": "hotels", "model": "hotel"}}, {"model": "contenttypes.contenttype", "pk": 13, "fields": {"app_label": "hotels", "model": "room"}}, {"model": "contenttypes.contenttype", "pk": 14, "fields": {"app_label": "hotels", "model": "roombookingavailable"}}, {"model": "contenttypes.contenttype", "pk": 15, "fields": {"app_label": "hotels", "model": "booking"}}, {"model": "contenttypes.contenttype", "pk": 16, "fields": {"app_label": "bookings", "model": "roombookingavailable"}}, {"model": "contenttypes.contenttype", "pk": 17, "fields": {"app_label": "bookings", "model": "booking"}}, {"model": "sessions.session", "pk": "it8mtc9g9w3guphpmq227a4644elbgyr", "fields": {"session_data": ".eJxVjDsOwjAQRO_iGln-xD9K-pzB2rXXOIAcKU4qxN1JpBSg6ea9mTeLsK01bp2WOGV2ZQO7_HYI6UntAPkB7T7zNLd1mZAfCj9p5-Oc6XU73b-DCr3ua4OBlA0ARZInhWiLM14LUkKTKwqcSN4bpb1MmDOgEzK54PSePFjDPl_urzev:1rrm8E:WbSCnEZAnqSZWZKZ2yqbckO4zPYCX5R0-yrn9WjfgVI", "expire_date": "2024-04-16T21:57:26.073Z"}}, {"model": "sessions.session", "pk": "si17gv5gkix2dfnz6giipnh2kpairxwd", "fields": {"session_data": ".eJxVjDsOwjAQRO_iGln-xD9K-pzB2rXXOIAcKU4qxN1JpBSg6ea9mTeLsK01bp2WOGV2ZQO7_HYI6UntAPkB7T7zNLd1mZAfCj9p5-Oc6XU73b-DCr3ua4OBlA0ARZInhWiLM14LUkKTKwqcSN4bpb1MmDOgEzK54PSePFjDPl_urzev:1rrkAM:L695pBLfKXJUqGDLUAZWkXNARhVOJb8NAsObgGGMqDg", "expire_date": "2024-04-16T19:51:30.251Z"}}, {"model": "users.user", "pk": 1, "fields": {"password": "pbkdf2_sha256$600000$NmmXxXPN88oRuDHQcBjTS7$RUljCvksMlRxKrdzQwU/o2dNyXfgV+gFvWQthr4oBjo=", "last_login": null, "is_superuser": false, "username": "d", "first_name": "", "last_name": "", "is_staff": false, "is_active": true, "date_joined": "2024-04-02T19:42:43.925Z", "sex": "M", "birthday": null, "mobile_phone": null, "email": "d@egmail.com", "groups": [], "user_permissions": []}}, {"model": "users.user", "pk": 2, "fields": {"password": "pbkdf2_sha256$600000$Dk9xdaCgxLkb6B6V5tBf3I$dS5Gqk71gfhCdcJzAVK2S1UjlMe5h/aK+at07jdVYIQ=", "last_login": null, "is_superuser": false, "username": "d1", "first_name": "", "last_name": "", "is_staff": false, "is_active": true, "date_joined": "2024-04-02T19:45:04.827Z", "sex": "M", "birthday": null, "mobile_phone": null, "email": "d1@egmail.com", "groups": [], "user_permissions": []}}, {"model": "users.user", "pk": 3, "fields": {"password": "pbkdf2_sha256$600000$5zXrCS7ED8uGa2tbjUUQ2N$Ux0NpBtq6vb+nAzeN53TLU68QTh1/CEnKbBOe0T0Ymc=", "last_login": null, "is_superuser": false, "username": "d11", "first_name": "", "last_name": "", "is_staff": false, "is_active": true, "date_joined": "2024-04-02T19:45:40.993Z", "sex": "M", "birthday": null, "mobile_phone": null, "email": "d11@egmail.com", "groups": [], "user_permissions": []}}, {"model": "users.user", "pk": 4, "fields": {"password": "pbkdf2_sha256$600000$bKZuIOxXODsIxvZGTmY0UD$teNhbMgsj7o82q01RuxgZlzx7089YqzrUb3NTYhfklw=", "last_login": "2024-04-02T21:57:26.068Z", "is_superuser": true, "username": "diana", "first_name": "", "last_name": "", "is_staff": true, "is_active": true, "date_joined": "2024-04-02T19:51:26.201Z", "sex": "M", "birthday": null, "mobile_phone": null, "email": "diana@gmail.com", "groups": [], "user_permissions": []}}, {"model": "users.user", "pk": 5, "fields": {"password": "pbkdf2_sha256$600000$Okl91029P5Uisv3d4QK7up$0XEBOZ3rUbtO0zZpjoxu8Fmi+7GPsNtFxbsXq0nQleg=", "last_login": null, "is_superuser": true, "username": "admin", "first_name": "", "last_name": "", "is_staff": true, "is_active": true, "date_joined": "2024-04-02T22:25:39.648Z", "sex": "M", "birthday": null, "mobile_phone": null, "email": "admin@gmail.com", "groups": [], "user_permissions": []}}, {"model": "users.user", "pk": 6, "fields": {"password": "pbkdf2_sha256$600000$nQCJ8qRx5DZjBm77T4Ai7l$lkOV66XiVFfBryAvwMv6N9MczGsVx/gP3eKRKe1w+8U=", "last_login": null, "is_superuser": false, "username": "di", "first_name": "", "last_name": "", "is_staff": false, "is_active": true, "date_joined": "2024-04-02T22:30:17.285Z", "sex": "M", "birthday": null, "mobile_phone": null, "email": "di@gmail.com", "groups": [], "user_permissions": []}}, {"model": "users.user", "pk": 7, "fields": {"password": "pbkdf2_sha256$600000$qngBFupNKPE7CTVzf4MlJB$LMHlr+qT3tHFcmfJIcMA27nge43tBqX7yz5z44lDZcI=", "last_login": null, "is_superuser": false, "username": "pinguin", "first_name": "", "last_name": "", "is_staff": false, "is_active": true, "date_joined": "2024-04-02T22:30:32.842Z", "sex": "M", "birthday": null, "mobile_phone": null, "email": "pinguin@gmail.com", "groups": [], "user_permissions": []}}, {"model": "bookings.roombookingavailable", "pk": 3, "fields": {"room": 2, "date_from": "2024-08-07", "date_end": "2024-08-23", "min_booking_time": 3, "max_booking_time": 15}}, {"model": "bookings.roombookingavailable", "pk": 4, "fields": {"room": 5, "date_from": "2024-04-18", "date_end": "2024-04-25", "min_booking_time": 1, "max_booking_time": 5}}, {"model": "bookings.roombookingavailable", "pk": 5, "fields": {"room": 7, "date_from": "2024-04-26", "date_end": "2024-04-29", "min_booking_time": 1, "max_booking_time": 2}}, {"model": "bookings.roombookingavailable", "pk": 6, "fields": {"room": 8, "date_from": "2024-04-22", "date_end": "2024-04-25", "min_booking_time": 3, "max_booking_time": 6}}, {"model": "bookings.roombookingavailable", "pk": 9, "fields": {"room": 7, "date_from": "2024-04-08", "date_end": "2024-04-08", "min_booking_time": 0, "max_booking_time": 1}}, {"model": "bookings.roombookingavailable", "pk": 10, "fields": {"room": 7, "date_from": "2024-04-10", "date_end": "2024-04-10", "min_booking_time": 1, "max_booking_time": 1}}, {"model": "bookings.roombookingavailable", "pk": 11, "fields": {"room": 1, "date_from": "2024-05-11", "date_end": "2024-05-31", "min_booking_time": 1, "max_booking_time": 21}}, {"model": "bookings.roombookingavailable", "pk": 12, "fields": {"room": 1, "date_from": "2024-04-04", "date_end": "2024-04-16", "min_booking_time": 1, "max_booking_time": 13}}, {"model": "bookings.booking", "pk": 3, "fields": {"user": 7, "guest_count": 1, "booking_status": 4, "room": 7, "date_from": "2024-04-09", "date_end": "2024-04-09"}}, {"model": "bookings.booking", "pk": 4, "fields": {"user": 7, "guest_count": 3, "booking_status": 4, "room": 8, "date_from": "2024-04-26", "date_end": "2024-04-30"}}, {"model": "bookings.booking", "pk": 5, "fields": {"user": 7, "guest_count": 1, "booking_status": 4, "room": 1, "date_from": "2024-05-08", "date_end": "2024-05-10"}}, {"model": "bookings.booking", "pk": 6, "fields": {"user": 6, "guest_count": 2, "booking_status": 4, "room": 1, "date_from": "2024-04-01", "date_end": "2024-04-03"}}, {"model": "hotels.country", "pk": 1, "fields": {"title": "Russia"}}, {"model": "hotels.country", "pk": 2, "fields": {"title": "Germany"}}, {"model": "hotels.country", "pk": 3, "fields": {"title": "France"}}, {"model": "hotels.city", "pk": 1, "fields": {"title": "Moscow"}}, {"model": "hotels.city", "pk": 2, "fields": {"title": "Saint-Petersburg"}}, {"model": "hotels.city", "pk": 3, "fields": {"title": "Habarovsk"}}, {"model": "hotels.city", "pk": 4, "fields": {"title": "Rostov"}}, {"model": "hotels.city", "pk": 5, "fields": {"title": "Perm"}}, {"model": "hotels.address", "pk": 1, "fields": {"country": 1, "city": 1, "address": "Pushkina street, 89"}}, {"model": "hotels.address", "pk": 2, "fields": {"country": 2, "city": 3, "address": "16 Rr 2, Ketchikan, Alaska 99901, USA"}}, {"model": "hotels.address", "pk": 3, "fields": {"country": 3, "city": 2, "address": "925 S Chugach St #APT 10, Palmer, Alaska 99645, USA"}}, {"model": "hotels.address", "pk": 4, "fields": {"country": 1, "city": 5, "address": "5412 Timberwolf Ct, Eielson Afb, Alaska 99702, USA"}}, {"model": "hotels.hotel", "pk": 1, "fields": {"title": "5412 Timberwolf Ct, Eielson Afb, Alaska 99702, USA", "description": "Boasting a restaurant, bar and views of city, Holiday Inn Sunderland - City Centre, an IHG Hotel is situated in Sunderland, 2.6 km from Roker Beach. Featuring a fitness centre, the 4-star hotel has air-conditioned rooms with free WiFi, each with a private bathroom. The accommodation features room service, a business centre and luggage storage for guests.\r\n\r\nAt the hotel, each room includes a desk and a flat-screen TV. At Holiday Inn Sunderland - City Centre, an IHG Hotel the rooms include bed linen and towels.\r\n\r\nBreakfast is available each morning, and includes buffet, continental and Full English/Irish options.", "address": 1, "rating": 5.0}}, {"model": "hotels.hotel", "pk": 2, "fields": {"title": "Novotel Liverpool Paddington Village", "description": "Featuring a fitness centre, a restaurant as well as a bar, Novotel Liverpool Paddington Village is located in the centre of Liverpool, 400 metres from Williamson's Tunnels. With free WiFi, this 4-star hotel offers room service and a 24-hour front desk. The property is non-smoking and is situated 800 metres from Liverpool Metropolitan Cathedral.\r\n\r\nAll units in the hotel are fitted with a flat-screen TV. Each room includes a kettle and a private bathroom with free toiletries, while selected rooms are fitted with a kitchenette equipped with a fridge. At Novotel Liverpool Paddington Village all rooms have bed linen and towels.\r\n\r\nThe daily breakfast offers buffet, continental or Full English/Irish options.", "address": 2, "rating": 4.0}}, {"model": "hotels.hotel", "pk": 3, "fields": {"title": "Featuring a fitness centre, a restaurant as well as a bar, Novotel Liverpool Paddington Village is located in the centre of Live", "description": "Featuring a fitness centre, a restaurant as well as a bar, Novotel Liverpool Paddington Village is located in the centre of Liverpool, 400 metres from Williamson's Tunnels. With free WiFi, this 4-star hotel offers room service and a 24-hour front desk. The property is non-smoking and is situated 800 metres from Liverpool Metropolitan Cathedral.\r\n\r\nAll units in the hotel are fitted with a flat-screen TV. Each room includes a kettle and a private bathroom with free toiletries, while selected rooms are fitted with a kitchenette equipped with a fridge. At Novotel Liverpool Paddington Village all rooms have bed linen and towels.\r\n\r\nThe daily breakfast offers buffet, continental or Full English/Irish options.", "address": 4, "rating": 3.0}}, {"model": "hotels.room", "pk": 1, "fields": {"number": 1222, "title": "1222", "price": 1200.0, "max_guest_amount": 2, "hotel": 1}}, {"model": "hotels.room", "pk": 2, "fields": {"number": 123, "title": "Luxe", "price": 25000.0, "max_guest_amount": 3, "hotel": 1}}, {"model": "hotels.room", "pk": 3, "fields": {"number": 444, "title": "Comfort Number", "price": 10000.0, "max_guest_amount": 2, "hotel": 1}}, {"model": "hotels.room", "pk": 4, "fields": {"number": 100, "title": "Best number!", "price": 3000.0, "max_guest_amount": 2, "hotel": 2}}, {"model": "hotels.room", "pk": 5, "fields": {"number": 102, "title": "Bestr!!!!", "price": 5000.0, "max_guest_amount": 2, "hotel": 2}}, {"model": "hotels.room", "pk": 6, "fields": {"number": 563, "title": "563", "price": 1675.76, "max_guest_amount": 1, "hotel": 2}}, {"model": "hotels.room", "pk": 7, "fields": {"number": 122, "title": "122", "price": 10000.0, "max_guest_amount": 5, "hotel": 3}}, {"model": "hotels.room", "pk": 8, "fields": {"number": 666, "title": "666", "price": 16000.0, "max_guest_amount": 6, "hotel": 3}}]
